code,subBrand,product,specification,country,reason,sourceDisplay,docUrl,isSeries
5100080621,Guigoz,Guigoz AR/Gest/Optipro 800g,800g,France,Rappel de précaution : Présence potentielle de toxin (Céréulide),Rappel Conso (Gouvernement Français),resources/official_docs/FR_Rappel_Conso_20947.pdf,False
5100080661,S-26,NAN/S-26 MENA Range 400g,400g,Middle East (MENA),Precautionary verification: Quality concern related to raw material,Nestlé MENA Official Release,https://www.food.gov.uk/news-alerts/alert/fsa-prin-02-2026,False
5101080621,Guigoz,Guigoz AR/Gest/Optipro 800g,800g,France,Rappel de précaution : Présence potentielle de toxin (Céréulide),Rappel Conso (Gouvernement Français),resources/official_docs/FR_Rappel_Conso_20947.pdf,False
5101080661,S-26,NAN/S-26 MENA Range 400g,400g,Middle East (MENA),Precautionary verification: Quality concern related to raw material,Nestlé MENA Official Release,https://www.food.gov.uk/news-alerts/alert/fsa-prin-02-2026,False
5102080621,Nidal,Nidal Nidalgest 1 800g,800g,France,Rappel de précaution : Présence potentielle de toxin (Céréulide),Rappel Conso (Gouvernement Français),resources/official_docs/FR_Rappel_Conso_20947.pdf,False
5102080661,S-26,NAN/S-26 MENA Range 400g,400g,Middle East (MENA),Precautionary verification: Quality concern related to raw material,Nestlé MENA Official Release,https://www.food.gov.uk/news-alerts/alert/fsa-prin-02-2026,False
5103080621,Guigoz,Guigoz AR/Gest/Optipro 800g,800g,France,Rappel de précaution : Présence potentielle de toxin (Céréulide),Rappel Conso (Gouvernement Français),resources/official_docs/FR_Rappel_Conso_20947.pdf,False
5103080661,S-26,NAN/S-26 MENA Range 400g,400g,Middle East (MENA),Precautionary verification: Quality concern related to raw material,Nestlé MENA Official Release,https://www.food.gov.uk/news-alerts/alert/fsa-prin-02-2026,False
5104080621,Guigoz,Guigoz AR/Gest/Optipro 800g,800g,France,Rappel de précaution : Présence potentielle de toxin (Céréulide),Rappel Conso (Gouvernement Français),resources/official_docs/FR_Rappel_Conso_20947.pdf,False
5104080661,S-26,NAN/S-26 MENA Range 400g,400g,Middle East (MENA),Precautionary verification: Quality concern related to raw material,Nestlé MENA Official Release,https://www.food.gov.uk/news-alerts/alert/fsa-prin-02-2026,False
5105080621,Guigoz,Guigoz AR/Gest/Optipro 800g,800g,France,Rappel de précaution : Présence potentielle de toxin (Céréulide),Rappel Conso (Gouvernement Français),resources/official_docs/FR_Rappel_Conso_20947.pdf,False
5105080661,S-26,NAN/S-26 MENA Range 400g,400g,Middle East (MENA),Precautionary verification: Quality concern related to raw material,Nestlé MENA Official Release,https://www.food.gov.uk/news-alerts/alert/fsa-prin-02-2026,False
5106080621,Guigoz,Guigoz AR/Gest/Optipro 800g,800g,France,Rappel de précaution : Présence potentielle de toxin (Céréulide),Rappel Conso (Gouvernement Français),resources/official_docs/FR_Rappel_Conso_20947.pdf,False
5106080661,S-26,NAN/S-26 MENA Range 400g,400g,Middle East (MENA),Precautionary verification: Quality concern related to raw material,Nestlé MENA Official Release,https://www.food.gov.uk/news-alerts/alert/fsa-prin-02-2026,False
51070017Y2,Nestlé Nutrition,Alfamino Infant 400g,400g,Australia/New Zealand,Precautionary recall: Microbial contamination (Cereulide),Food Standards Australia New Zealand (FSANZ),https://www.food.gov.uk/news-alerts/alert/fsa-prin-02-2026,False
5107080621,Guigoz,Guigoz AR/Gest/Optipro 800g,800g,France,Rappel de précaution : Présence potentielle de toxin (Céréulide),Rappel Conso (Gouvernement Français),resources/official_docs/FR_Rappel_Conso_20947.pdf,False
5107080661,S-26,NAN/S-26 MENA Range 400g,400g,Middle East (MENA),Precautionary verification: Quality concern related to raw material,Nestlé MENA Official Release,https://www.food.gov.uk/news-alerts/alert/fsa-prin-02-2026,False
51080017Y1,Nestlé Nutrition,Alfamino Infant 400g,400g,Australia/New Zealand,Precautionary recall: Microbial contamination (Cereulide),Food Standards Australia New Zealand (FSANZ),https://www.food.gov.uk/news-alerts/alert/fsa-prin-02-2026,False
5108080621,Guigoz,Guigoz AR/Gest/Optipro 800g,800g,France,Rappel de précaution : Présence potentielle de toxin (Céréulide),Rappel Conso (Gouvernement Français),resources/official_docs/FR_Rappel_Conso_20947.pdf,False
5108080661,S-26,NAN/S-26 MENA Range 400g,400g,Middle East (MENA),Precautionary verification: Quality concern related to raw material,Nestlé MENA Official Release,https://www.food.gov.uk/news-alerts/alert/fsa-prin-02-2026,False
5109080621,Guigoz,Guigoz AR/Gest/Optipro 800g,800g,France,Rappel de précaution : Présence potentielle de toxin (Céréulide),Rappel Conso (Gouvernement Français),resources/official_docs/FR_Rappel_Conso_20947.pdf,False
5109080661,S-26,NAN/S-26 MENA Range 400g,400g,Middle East (MENA),Precautionary verification: Quality concern related to raw material,Nestlé MENA Official Release,https://www.food.gov.uk/news-alerts/alert/fsa-prin-02-2026,False
5110080621,Guigoz,Guigoz AR/Gest/Optipro 800g,800g,France,Rappel de précaution : Présence potentielle de toxin (Céréulide),Rappel Conso (Gouvernement Français),resources/official_docs/FR_Rappel_Conso_20947.pdf,False
5110080661,S-26,NAN/S-26 MENA Range 400g,400g,Middle East (MENA),Precautionary verification: Quality concern related to raw material,Nestlé MENA Official Release,https://www.food.gov.uk/news-alerts/alert/fsa-prin-02-2026,False
5111080621,Guigoz,Guigoz AR/Gest/Optipro 800g,800g,France,Rappel de précaution : Présence potentielle de toxin (Céréulide),Rappel Conso (Gouvernement Français),resources/official_docs/FR_Rappel_Conso_20947.pdf,False
5111080661,S-26,NAN/S-26 MENA Range 400g,400g,Middle East (MENA),Precautionary verification: Quality concern related to raw material,Nestlé MENA Official Release,https://www.food.gov.uk/news-alerts/alert/fsa-prin-02-2026,False
5112080621,Guigoz,Guigoz AR/Gest/Optipro 800g,800g,France,Rappel de précaution : Présence potentielle de toxin (Céréulide),Rappel Conso (Gouvernement Français),resources/official_docs/FR_Rappel_Conso_20947.pdf,False
5112080661,S-26,NAN/S-26 MENA Range 400g,400g,Middle East (MENA),Precautionary verification: Quality concern related to raw material,Nestlé MENA Official Release,https://www.food.gov.uk/news-alerts/alert/fsa-prin-02-2026,False
5113080621,Guigoz,Guigoz AR/Gest/Optipro 800g,800g,France,Rappel de précaution : Présence potentielle de toxin (Céréulide),Rappel Conso (Gouvernement Français),resources/official_docs/FR_Rappel_Conso_20947.pdf,False
5113080661,S-26,NAN/S-26 MENA Range 400g,400g,Middle East (MENA),Precautionary verification: Quality concern related to raw material,Nestlé MENA Official Release,https://www.food.gov.uk/news-alerts/alert/fsa-prin-02-2026,False
5114080621,Guigoz,Guigoz AR/Gest/Optipro 800g,800g,France,Rappel de précaution : Présence potentielle de toxin (Céréulide),Rappel Conso (Gouvernement Français),resources/official_docs/FR_Rappel_Conso_20947.pdf,False
5114080661,S-26,NAN/S-26 MENA Range 400g,400g,Middle East (MENA),Precautionary verification: Quality concern related to raw material,Nestlé MENA Official Release,https://www.food.gov.uk/news-alerts/alert/fsa-prin-02-2026,False
51150346AB,SMA,SMA Lactose Free 400g,400g,United Kingdom,Precautionary recall: Possible presence of Cereulide toxin (Bacillus cereus),UK Food Standards Agency (FSA),resources/official_docs/UK_FSA_Advisory_28046.pdf,False
5115080621,Guigoz,Guigoz AR/Gest/Optipro 800g,800g,France,Rappel de précaution : Présence potentielle de toxin (Céréulide),Rappel Conso (Gouvernement Français),resources/official_docs/FR_Rappel_Conso_20947.pdf,False
5115080661,S-26,NAN/S-26 MENA Range 400g,400g,Middle East (MENA),Precautionary verification: Quality concern related to raw material,Nestlé MENA Official Release,https://www.food.gov.uk/news-alerts/alert/fsa-prin-02-2026,False
5116080621,Guigoz,Guigoz AR/Gest/Optipro 800g,800g,France,Rappel de précaution : Présence potentielle de toxin (Céréulide),Rappel Conso (Gouvernement Français),resources/official_docs/FR_Rappel_Conso_20947.pdf,False
5116080661,S-26,NAN/S-26 MENA Range 400g,400g,Middle East (MENA),Precautionary verification: Quality concern related to raw material,Nestlé MENA Official Release,https://www.food.gov.uk/news-alerts/alert/fsa-prin-02-2026,False
51170346AA,SMA,SMA First Milk 800g,800g,United Kingdom,Precautionary recall: Possible presence of Cereulide toxin (Bacillus cereus),UK Food Standards Agency (FSA),resources/official_docs/UK_FSA_Advisory_28046.pdf,False
51170346AB,SMA,SMA First Milk 800g,800g,United Kingdom,Precautionary recall: Possible presence of Cereulide toxin (Bacillus cereus),UK Food Standards Agency (FSA),resources/official_docs/UK_FSA_Advisory_28046.pdf,False
5117080621,Guigoz,Guigoz AR/Gest/Optipro 800g,800g,France,Rappel de précaution : Présence potentielle de toxin (Céréulide),Rappel Conso (Gouvernement Français),resources/official_docs/FR_Rappel_Conso_20947.pdf,False
5117080661,S-26,NAN/S-26 MENA Range 400g,400g,Middle East (MENA),Precautionary verification: Quality concern related to raw material,Nestlé MENA Official Release,https://www.food.gov.uk/news-alerts/alert/fsa-prin-02-2026,False
5118080621,Guigoz,Guigoz AR/Gest/Optipro 800g,800g,France,Rappel de précaution : Présence potentielle de toxin (Céréulide),Rappel Conso (Gouvernement Français),resources/official_docs/FR_Rappel_Conso_20947.pdf,False
5118080661,S-26,NAN/S-26 MENA Range 400g,400g,Middle East (MENA),Precautionary verification: Quality concern related to raw material,Nestlé MENA Official Release,https://www.food.gov.uk/news-alerts/alert/fsa-prin-02-2026,False
51190017C2,Illuma,Illuma Future 1 800g,800g,China (Cross-border),预防性召回：蜡样芽孢杆菌代谢物风险 (Cereulide),雀巢中国官方公告,https://www.cfs.gov.hk/english/press/20260110_12105.html,False
5119080621,Guigoz,Guigoz AR/Gest/Optipro 800g,800g,France,Rappel de précaution : Présence potentielle de toxin (Céréulide),Rappel Conso (Gouvernement Français),resources/official_docs/FR_Rappel_Conso_20947.pdf,False
5119080661,S-26,NAN/S-26 MENA Range 400g,400g,Middle East (MENA),Precautionary verification: Quality concern related to raw material,Nestlé MENA Official Release,https://www.food.gov.uk/news-alerts/alert/fsa-prin-02-2026,False
51200017Y3,SMA,SMA Alfamino 400g,400g,United Kingdom,Precautionary recall: Possible presence of Cereulide toxin (Bacillus cereus),UK Food Standards Agency (FSA),resources/official_docs/UK_FSA_Advisory_28046.pdf,False
5120080621,Guigoz,Guigoz AR/Gest/Optipro 800g,800g,France,Rappel de précaution : Présence potentielle de toxin (Céréulide),Rappel Conso (Gouvernement Français),resources/official_docs/FR_Rappel_Conso_20947.pdf,False
5120080661,S-26,NAN/S-26 MENA Range 400g,400g,Middle East (MENA),Precautionary verification: Quality concern related to raw material,Nestlé MENA Official Release,https://www.food.gov.uk/news-alerts/alert/fsa-prin-02-2026,False
51210017Y1,SMA,SMA Alfamino 400g,400g,United Kingdom,Precautionary recall: Possible presence of Cereulide toxin (Bacillus cereus),UK Food Standards Agency (FSA),resources/official_docs/UK_FSA_Advisory_28046.pdf,False
5121080621,Guigoz,Guigoz AR/Gest/Optipro 800g,800g,France,Rappel de précaution : Présence potentielle de toxin (Céréulide),Rappel Conso (Gouvernement Français),resources/official_docs/FR_Rappel_Conso_20947.pdf,False
5121080661,S-26,NAN/S-26 MENA Range 400g,400g,Middle East (MENA),Precautionary verification: Quality concern related to raw material,Nestlé MENA Official Release,https://www.food.gov.uk/news-alerts/alert/fsa-prin-02-2026,False
51220017Y1,SMA,SMA Alfamino 400g,400g,United Kingdom,Precautionary recall: Possible presence of Cereulide toxin (Bacillus cereus),UK Food Standards Agency (FSA),resources/official_docs/UK_FSA_Advisory_28046.pdf,False
51220346AD,Nestlé Nutrition,LITTLE STEPS First 800g,800g,United Kingdom,Precautionary recall: Possible presence of Cereulide toxin (Bacillus cereus),UK Food Standards Agency (FSA),resources/official_docs/UK_FSA_Advisory_28046.pdf,False
51220346BA,Nidal,Nidal Nidalgest 1 1.2kg,2kg,France,Rappel de précaution : Présence potentielle de toxin (Céréulide),Rappel Conso (Gouvernement Français),resources/official_docs/FR_Rappel_Conso_20947.pdf,False
5122080621,Guigoz,Guigoz AR/Gest/Optipro 800g,800g,France,Rappel de précaution : Présence potentielle de toxin (Céréulide),Rappel Conso (Gouvernement Français),resources/official_docs/FR_Rappel_Conso_20947.pdf,False
5122080661,S-26,NAN/S-26 MENA Range 400g,400g,Middle East (MENA),Precautionary verification: Quality concern related to raw material,Nestlé MENA Official Release,https://www.food.gov.uk/news-alerts/alert/fsa-prin-02-2026,False
51230346AA,Nidal,Nidal Nidalgest 1 800g,800g,France,Rappel de précaution : Présence potentielle de toxin (Céréulide),Rappel Conso (Gouvernement Français),resources/official_docs/FR_Rappel_Conso_20947.pdf,False
51230742F1,BEBA,BEBA Supreme 3 830g,830g,China (Cross-border),预防性召回：蜡样芽孢杆菌代谢物风险 (Cereulide),雀巢中国官方公告,https://www.cfs.gov.hk/english/press/20260110_12105.html,False
5123080621,Guigoz,Guigoz AR/Gest/Optipro 800g,800g,France,Rappel de précaution : Présence potentielle de toxin (Céréulide),Rappel Conso (Gouvernement Français),resources/official_docs/FR_Rappel_Conso_20947.pdf,False
5123080661,S-26,NAN/S-26 MENA Range 400g,400g,Middle East (MENA),Precautionary verification: Quality concern related to raw material,Nestlé MENA Official Release,https://www.food.gov.uk/news-alerts/alert/fsa-prin-02-2026,False
51240742F2,SMA,SMA Follow-on 800g,800g,United Kingdom,Precautionary recall: Possible presence of Cereulide toxin (Bacillus cereus),UK Food Standards Agency (FSA),resources/official_docs/UK_FSA_Advisory_28046.pdf,False
51240742F3,SMA,SMA Comfort 800g,800g,United Kingdom,Precautionary recall: Possible presence of Cereulide toxin (Bacillus cereus),UK Food Standards Agency (FSA),resources/official_docs/UK_FSA_Advisory_28046.pdf,False
5124080621,Guigoz,Guigoz AR/Gest/Optipro 800g,800g,France,Rappel de précaution : Présence potentielle de toxin (Céréulide),Rappel Conso (Gouvernement Français),resources/official_docs/FR_Rappel_Conso_20947.pdf,False
5124080661,S-26,NAN/S-26 MENA Range 400g,400g,Middle East (MENA),Precautionary verification: Quality concern related to raw material,Nestlé MENA Official Release,https://www.food.gov.uk/news-alerts/alert/fsa-prin-02-2026,False
51250017C1,NAN,NaN A2 1,800g,China (Cross-border),预防性召回：蜡样芽孢杆菌代谢物风险 (Cereulide),雀巢中国官方公告,https://www.cfs.gov.hk/english/press/20260110_12105.html,False
51250017Y1,SMA,SMA Alfamino 400g,400g,United Kingdom,Precautionary recall: Possible presence of Cereulide toxin (Bacillus cereus),UK Food Standards Agency (FSA),resources/official_docs/UK_FSA_Advisory_28046.pdf,False
51250742F1,Guigoz,Guigoz 1 6x230ml,6x230ml,France,Rappel de précaution : Présence potentielle de toxin (Céréulide),Rappel Conso (Gouvernement Français),resources/official_docs/FR_Rappel_Conso_20947.pdf,False
5125080621,Guigoz,Guigoz AR/Gest/Optipro 800g,800g,France,Rappel de précaution : Présence potentielle de toxin (Céréulide),Rappel Conso (Gouvernement Français),resources/official_docs/FR_Rappel_Conso_20947.pdf,False
5125080661,S-26,S-26 AR UAE/Kuwait 400g,400g,Middle East (MENA),Precautionary verification: Quality concern related to raw material,Nestlé MENA Official Release,https://www.food.gov.uk/news-alerts/alert/fsa-prin-02-2026,False
51260017C1,NAN,NaN A2 2,800g,China (Cross-border),预防性召回：蜡样芽孢杆菌代谢物风险 (Cereulide),雀巢中国官方公告,https://www.cfs.gov.hk/english/press/20260110_12105.html,False
51260017C2,NAN,NaN A2 3,800g,China (Cross-border),预防性召回：蜡样芽孢杆菌代谢物风险 (Cereulide),雀巢中国官方公告,https://www.cfs.gov.hk/english/press/20260110_12105.html,False
5126080621,Guigoz,Guigoz AR/Gest/Optipro 800g,800g,France,Rappel de précaution : Présence potentielle de toxin (Céréulide),Rappel Conso (Gouvernement Français),resources/official_docs/FR_Rappel_Conso_20947.pdf,False
5126080661,S-26,NAN/S-26 MENA Range 400g,400g,Middle East (MENA),Precautionary verification: Quality concern related to raw material,Nestlé MENA Official Release,https://www.food.gov.uk/news-alerts/alert/fsa-prin-02-2026,False
5127080621,Guigoz,Guigoz AR/Gest/Optipro 800g,800g,France,Rappel de précaution : Présence potentielle de toxin (Céréulide),Rappel Conso (Gouvernement Français),resources/official_docs/FR_Rappel_Conso_20947.pdf,False
5127080661,S-26,NAN/S-26 MENA Range 400g,400g,Middle East (MENA),Precautionary verification: Quality concern related to raw material,Nestlé MENA Official Release,https://www.food.gov.uk/news-alerts/alert/fsa-prin-02-2026,False
5128080621,Guigoz,Guigoz AR/Gest/Optipro 800g,800g,France,Rappel de précaution : Présence potentielle de toxin (Céréulide),Rappel Conso (Gouvernement Français),resources/official_docs/FR_Rappel_Conso_20947.pdf,False
5128080661,S-26,NAN/S-26 MENA Range 400g,400g,Middle East (MENA),Precautionary verification: Quality concern related to raw material,Nestlé MENA Official Release,https://www.food.gov.uk/news-alerts/alert/fsa-prin-02-2026,False
5129080621,Guigoz,Guigoz AR/Gest/Optipro 800g,800g,France,Rappel de précaution : Présence potentielle de toxin (Céréulide),Rappel Conso (Gouvernement Français),resources/official_docs/FR_Rappel_Conso_20947.pdf,False
5129080661,S-26,NAN/S-26 MENA Range 400g,400g,Middle East (MENA),Precautionary verification: Quality concern related to raw material,Nestlé MENA Official Release,https://www.food.gov.uk/news-alerts/alert/fsa-prin-02-2026,False
5130080621,Guigoz,Guigoz AR/Gest/Optipro 800g,800g,France,Rappel de précaution : Présence potentielle de toxin (Céréulide),Rappel Conso (Gouvernement Français),resources/official_docs/FR_Rappel_Conso_20947.pdf,False
5130080661,S-26,NAN/S-26 MENA Range 400g,400g,Middle East (MENA),Precautionary verification: Quality concern related to raw material,Nestlé MENA Official Release,https://www.food.gov.uk/news-alerts/alert/fsa-prin-02-2026,False
5131080621,Guigoz,Guigoz AR/Gest/Optipro 800g,800g,France,Rappel de précaution : Présence potentielle de toxin (Céréulide),Rappel Conso (Gouvernement Français),resources/official_docs/FR_Rappel_Conso_20947.pdf,False
5131080661,S-26,NAN/S-26 MENA Range 400g,400g,Middle East (MENA),Precautionary verification: Quality concern related to raw material,Nestlé MENA Official Release,https://www.food.gov.uk/news-alerts/alert/fsa-prin-02-2026,False
5132080621,Nidal,Nidal Nidalgest 1 800g,800g,France,Rappel de précaution : Présence potentielle de toxin (Céréulide),Rappel Conso (Gouvernement Français),resources/official_docs/FR_Rappel_Conso_20947.pdf,False
5132080661,S-26,NAN/S-26 MENA Range 400g,400g,Middle East (MENA),Precautionary verification: Quality concern related to raw material,Nestlé MENA Official Release,https://www.food.gov.uk/news-alerts/alert/fsa-prin-02-2026,False
5133080621,Guigoz,Guigoz AR/Gest/Optipro 800g,800g,France,Rappel de précaution : Présence potentielle de toxin (Céréulide),Rappel Conso (Gouvernement Français),resources/official_docs/FR_Rappel_Conso_20947.pdf,False
5133080661,S-26,NAN/S-26 MENA Range 400g,400g,Middle East (MENA),Precautionary verification: Quality concern related to raw material,Nestlé MENA Official Release,https://www.food.gov.uk/news-alerts/alert/fsa-prin-02-2026,False
51340346AB,SMA,SMA First Milk 800g,800g,United Kingdom,Precautionary recall: Possible presence of Cereulide toxin (Bacillus cereus),UK Food Standards Agency (FSA),resources/official_docs/UK_FSA_Advisory_28046.pdf,False
51340346BE,SMA,SMA First Milk 1.2kg,2kg,United Kingdom,Precautionary recall: Possible presence of Cereulide toxin (Bacillus cereus),UK Food Standards Agency (FSA),resources/official_docs/UK_FSA_Advisory_28046.pdf,False
5134080621,Guigoz,Guigoz AR/Gest/Optipro 800g,800g,France,Rappel de précaution : Présence potentielle de toxin (Céréulide),Rappel Conso (Gouvernement Français),resources/official_docs/FR_Rappel_Conso_20947.pdf,False
5134080661,S-26,NAN/S-26 MENA Range 400g,400g,Middle East (MENA),Precautionary verification: Quality concern related to raw material,Nestlé MENA Official Release,https://www.food.gov.uk/news-alerts/alert/fsa-prin-02-2026,False
51350346AA,SMA,SMA First Milk 400g,400g,United Kingdom,Precautionary recall: Possible presence of Cereulide toxin (Bacillus cereus),UK Food Standards Agency (FSA),resources/official_docs/UK_FSA_Advisory_28046.pdf,False
5135080621,Guigoz,Guigoz AR/Gest/Optipro 800g,800g,France,Rappel de précaution : Présence potentielle de toxin (Céréulide),Rappel Conso (Gouvernement Français),resources/official_docs/FR_Rappel_Conso_20947.pdf,False
5135080661,S-26,NAN/S-26 MENA Range 400g,400g,Middle East (MENA),Precautionary verification: Quality concern related to raw material,Nestlé MENA Official Release,https://www.food.gov.uk/news-alerts/alert/fsa-prin-02-2026,False
5136080621,Guigoz,Guigoz AR/Gest/Optipro 800g,800g,France,Rappel de précaution : Présence potentielle de toxin (Céréulide),Rappel Conso (Gouvernement Français),resources/official_docs/FR_Rappel_Conso_20947.pdf,False
5136080661,S-26,NAN/S-26 MENA Range 400g,400g,Middle East (MENA),Precautionary verification: Quality concern related to raw material,Nestlé MENA Official Release,https://www.food.gov.uk/news-alerts/alert/fsa-prin-02-2026,False
5137080621,Guigoz,Guigoz AR/Gest/Optipro 800g,800g,France,Rappel de précaution : Présence potentielle de toxin (Céréulide),Rappel Conso (Gouvernement Français),resources/official_docs/FR_Rappel_Conso_20947.pdf,False
5137080661,S-26,NAN/S-26 MENA Range 400g,400g,Middle East (MENA),Precautionary verification: Quality concern related to raw material,Nestlé MENA Official Release,https://www.food.gov.uk/news-alerts/alert/fsa-prin-02-2026,False
51380017A1,Illuma,Illuma Future 2 370g,370g,China (Cross-border),预防性召回：蜡样芽孢杆菌代谢物风险 (Cereulide),雀巢中国官方公告,https://www.cfs.gov.hk/english/press/20260110_12105.html,False
5138080621,Guigoz,Guigoz AR/Gest/Optipro 800g,800g,France,Rappel de précaution : Présence potentielle de toxin (Céréulide),Rappel Conso (Gouvernement Français),resources/official_docs/FR_Rappel_Conso_20947.pdf,False
5138080661,S-26,NAN/S-26 MENA Range 400g,400g,Middle East (MENA),Precautionary verification: Quality concern related to raw material,Nestlé MENA Official Release,https://www.food.gov.uk/news-alerts/alert/fsa-prin-02-2026,False
51390017Y1,SMA,SMA Alfamino 400g,400g,United Kingdom,Precautionary recall: Possible presence of Cereulide toxin (Bacillus cereus),UK Food Standards Agency (FSA),resources/official_docs/UK_FSA_Advisory_28046.pdf,False
5139080621,Guigoz,Guigoz AR/Gest/Optipro 800g,800g,France,Rappel de précaution : Présence potentielle de toxin (Céréulide),Rappel Conso (Gouvernement Français),resources/official_docs/FR_Rappel_Conso_20947.pdf,False
5139080661,S-26,NAN/S-26 MENA Range 400g,400g,Middle East (MENA),Precautionary verification: Quality concern related to raw material,Nestlé MENA Official Release,https://www.food.gov.uk/news-alerts/alert/fsa-prin-02-2026,False
51400017C1,Illuma,Illuma Future 2 800g,800g,China (Cross-border),预防性召回：蜡样芽孢杆菌代谢物风险 (Cereulide),雀巢中国官方公告,https://www.cfs.gov.hk/english/press/20260110_12105.html,False
5140080621,Guigoz,Guigoz AR/Gest/Optipro 800g,800g,France,Rappel de précaution : Présence potentielle de toxin (Céréulide),Rappel Conso (Gouvernement Français),resources/official_docs/FR_Rappel_Conso_20947.pdf,False
5141080621,Guigoz,Guigoz AR/Gest/Optipro 800g,800g,France,Rappel de précaution : Présence potentielle de toxin (Céréulide),Rappel Conso (Gouvernement Français),resources/official_docs/FR_Rappel_Conso_20947.pdf,False
51420017Y2,SMA,SMA Alfamino 400g,400g,United Kingdom,Precautionary recall: Possible presence of Cereulide toxin (Bacillus cereus),UK Food Standards Agency (FSA),resources/official_docs/UK_FSA_Advisory_28046.pdf,False
5142080621,Guigoz,Guigoz AR/Gest/Optipro 800g,800g,France,Rappel de précaution : Présence potentielle de toxin (Céréulide),Rappel Conso (Gouvernement Français),resources/official_docs/FR_Rappel_Conso_20947.pdf,False
51430017Y1,SMA,SMA Alfamino 400g,400g,United Kingdom,Precautionary recall: Possible presence of Cereulide toxin (Bacillus cereus),UK Food Standards Agency (FSA),resources/official_docs/UK_FSA_Advisory_28046.pdf,False
5143080621,Guigoz,Guigoz AR/Gest/Optipro 800g,800g,France,Rappel de précaution : Présence potentielle de toxin (Céréulide),Rappel Conso (Gouvernement Français),resources/official_docs/FR_Rappel_Conso_20947.pdf,False
51439722BA,SMA,SMA Comfort 800g,800g,United Kingdom,Precautionary recall: Possible presence of Cereulide toxin (Bacillus cereus),UK Food Standards Agency (FSA),resources/official_docs/UK_FSA_Advisory_28046.pdf,False
5144080621,Guigoz,Guigoz AR/Gest/Optipro 800g,800g,France,Rappel de précaution : Présence potentielle de toxin (Céréulide),Rappel Conso (Gouvernement Français),resources/official_docs/FR_Rappel_Conso_20947.pdf,False
51450742F1,SMA,SMA Advanced First 800g,800g,United Kingdom,Precautionary recall: Possible presence of Cereulide toxin (Bacillus cereus),UK Food Standards Agency (FSA),resources/official_docs/UK_FSA_Advisory_28046.pdf,False
5145080621,Guigoz,Guigoz AR/Gest/Optipro 800g,800g,France,Rappel de précaution : Présence potentielle de toxin (Céréulide),Rappel Conso (Gouvernement Français),resources/official_docs/FR_Rappel_Conso_20947.pdf,False
51460017Y1,SMA,SMA Alfamino 400g,400g,United Kingdom,Precautionary recall: Possible presence of Cereulide toxin (Bacillus cereus),UK Food Standards Agency (FSA),resources/official_docs/UK_FSA_Advisory_28046.pdf,False
51460742F2,BEBA,BEBA Supreme 1 800g,800g,China (Cross-border),预防性召回：蜡样芽孢杆菌代谢物风险 (Cereulide),雀巢中国官方公告,https://www.cfs.gov.hk/english/press/20260110_12105.html,False
5146080621,Guigoz,Guigoz AR/Gest/Optipro 800g,800g,France,Rappel de précaution : Présence potentielle de toxin (Céréulide),Rappel Conso (Gouvernement Français),resources/official_docs/FR_Rappel_Conso_20947.pdf,False
51470742F1,BEBA,BEBA Supreme 1 800g,800g,China (Cross-border),预防性召回：蜡样芽孢杆菌代谢物风险 (Cereulide),雀巢中国官方公告,https://www.cfs.gov.hk/english/press/20260110_12105.html,False
5147080621,Guigoz,Guigoz AR/Gest/Optipro 800g,800g,France,Rappel de précaution : Présence potentielle de toxin (Céréulide),Rappel Conso (Gouvernement Français),resources/official_docs/FR_Rappel_Conso_20947.pdf,False
51480017Y3,Nestlé Nutrition,Alfamino Infant 400g,400g,Australia/New Zealand,Precautionary recall: Microbial contamination (Cereulide),Food Standards Australia New Zealand (FSANZ),https://www.food.gov.uk/news-alerts/alert/fsa-prin-02-2026,False
5148080621,Guigoz,Guigoz AR/Gest/Optipro 800g,800g,France,Rappel de précaution : Présence potentielle de toxin (Céréulide),Rappel Conso (Gouvernement Français),resources/official_docs/FR_Rappel_Conso_20947.pdf,False
51490017Y1,Nestlé Nutrition,Alfamino Infant 400g,400g,Australia/New Zealand,Precautionary recall: Microbial contamination (Cereulide),Food Standards Australia New Zealand (FSANZ),https://www.food.gov.uk/news-alerts/alert/fsa-prin-02-2026,False
5149080621,Guigoz,Guigoz AR/Gest/Optipro 800g,800g,France,Rappel de précaution : Présence potentielle de toxin (Céréulide),Rappel Conso (Gouvernement Français),resources/official_docs/FR_Rappel_Conso_20947.pdf,False
5150080621,Guigoz,Guigoz AR/Gest/Optipro 800g,800g,France,Rappel de précaution : Présence potentielle de toxin (Céréulide),Rappel Conso (Gouvernement Français),resources/official_docs/FR_Rappel_Conso_20947.pdf,False
5151080621,Guigoz,Guigoz AR/Gest/Optipro 800g,800g,France,Rappel de précaution : Présence potentielle de toxin (Céréulide),Rappel Conso (Gouvernement Français),resources/official_docs/FR_Rappel_Conso_20947.pdf,False
5152080621,Guigoz,Guigoz AR/Gest/Optipro 800g,800g,France,Rappel de précaution : Présence potentielle de toxin (Céréulide),Rappel Conso (Gouvernement Français),resources/official_docs/FR_Rappel_Conso_20947.pdf,False
5153080621,Guigoz,Guigoz AR/Gest/Optipro 800g,800g,France,Rappel de précaution : Présence potentielle de toxin (Céréulide),Rappel Conso (Gouvernement Français),resources/official_docs/FR_Rappel_Conso_20947.pdf,False
51540017A4,Illuma,Illuma Future 1 370g,370g,China (Cross-border),预防性召回：蜡样芽孢杆菌代谢物风险 (Cereulide),雀巢中国官方公告,https://www.cfs.gov.hk/english/press/20260110_12105.html,False
51540346AC,Nestlé Nutrition,LITTLE STEPS First 800g,800g,United Kingdom,Precautionary recall: Possible presence of Cereulide toxin (Bacillus cereus),UK Food Standards Agency (FSA),resources/official_docs/UK_FSA_Advisory_28046.pdf,False
51540742F1,BEBA,BEBA Supreme 3 830g,830g,China (Cross-border),预防性召回：蜡样芽孢杆菌代谢物风险 (Cereulide),雀巢中国官方公告,https://www.cfs.gov.hk/english/press/20260110_12105.html,False
5154080621,Guigoz,Guigoz AR/Gest/Optipro 800g,800g,France,Rappel de précaution : Présence potentielle de toxin (Céréulide),Rappel Conso (Gouvernement Français),resources/official_docs/FR_Rappel_Conso_20947.pdf,False
51550017C3,Illuma,Illuma Future 1 800g,800g,China (Cross-border),预防性召回：蜡样芽孢杆菌代谢物风险 (Cereulide),雀巢中国官方公告,https://www.cfs.gov.hk/english/press/20260110_12105.html,False
51550742F1,BEBA,BEBA Supreme 2 800g,800g,China (Cross-border),预防性召回：蜡样芽孢杆菌代谢物风险 (Cereulide),雀巢中国官方公告,https://www.cfs.gov.hk/english/press/20260110_12105.html,False
51550742F2,BEBA,BEBA Supreme 2 800g,800g,China (Cross-border),预防性召回：蜡样芽孢杆菌代谢物风险 (Cereulide),雀巢中国官方公告,https://www.cfs.gov.hk/english/press/20260110_12105.html,False
5155080621,Guigoz,Guigoz AR/Gest/Optipro 800g,800g,France,Rappel de précaution : Présence potentielle de toxin (Céréulide),Rappel Conso (Gouvernement Français),resources/official_docs/FR_Rappel_Conso_20947.pdf,False
5156080621,Guigoz,Guigoz AR/Gest/Optipro 800g,800g,France,Rappel de précaution : Présence potentielle de toxin (Céréulide),Rappel Conso (Gouvernement Français),resources/official_docs/FR_Rappel_Conso_20947.pdf,False
5157080621,Guigoz,Guigoz AR/Gest/Optipro 800g,800g,France,Rappel de précaution : Présence potentielle de toxin (Céréulide),Rappel Conso (Gouvernement Français),resources/official_docs/FR_Rappel_Conso_20947.pdf,False
51580346AA,SMA,SMA First Milk 800g,800g,United Kingdom,Precautionary recall: Possible presence of Cereulide toxin (Bacillus cereus),UK Food Standards Agency (FSA),resources/official_docs/UK_FSA_Advisory_28046.pdf,False
5158080621,Guigoz,Guigoz AR/Gest/Optipro 800g,800g,France,Rappel de précaution : Présence potentielle de toxin (Céréulide),Rappel Conso (Gouvernement Français),resources/official_docs/FR_Rappel_Conso_20947.pdf,False
51590017C6,S-26,S-26 ULTIMA 2 800g,800g,China (Cross-border),Precautionary recall: Possible presence of Cereulide Produced by Bacillus Cereus,HK Centre for Food Safety (CFS),https://www.cfs.gov.hk/english/press/20260110_12105.html,False
51590346AA,SMA,SMA First Milk 800g,800g,United Kingdom,Precautionary recall: Possible presence of Cereulide toxin (Bacillus cereus),UK Food Standards Agency (FSA),resources/official_docs/UK_FSA_Advisory_28046.pdf,False
51590346AB,SMA,SMA First Milk 800g,800g,United Kingdom,Precautionary recall: Possible presence of Cereulide toxin (Bacillus cereus),UK Food Standards Agency (FSA),resources/official_docs/UK_FSA_Advisory_28046.pdf,False
5159080621,Guigoz,Guigoz AR/Gest/Optipro 800g,800g,France,Rappel de précaution : Présence potentielle de toxin (Céréulide),Rappel Conso (Gouvernement Français),resources/official_docs/FR_Rappel_Conso_20947.pdf,False
5160080621,Guigoz,Guigoz AR/Gest/Optipro 800g,800g,France,Rappel de précaution : Présence potentielle de toxin (Céréulide),Rappel Conso (Gouvernement Français),resources/official_docs/FR_Rappel_Conso_20947.pdf,False
5161080621,Guigoz,Guigoz AR/Gest/Optipro 800g,800g,France,Rappel de précaution : Présence potentielle de toxin (Céréulide),Rappel Conso (Gouvernement Français),resources/official_docs/FR_Rappel_Conso_20947.pdf,False
51620017C1,Illuma,Illuma Organic 2,800g,China (Cross-border),预防性召回：蜡样芽孢杆菌代谢物风险 (Cereulide),雀巢中国官方公告,https://www.cfs.gov.hk/english/press/20260110_12105.html,False
51620017C2,Illuma,Illuma Organic 3,800g,China (Cross-border),预防性召回：蜡样芽孢杆菌代谢物风险 (Cereulide),雀巢中国官方公告,https://www.cfs.gov.hk/english/press/20260110_12105.html,False
5162080621,Guigoz,Guigoz AR/Gest/Optipro 800g,800g,France,Rappel de précaution : Présence potentielle de toxin (Céréulide),Rappel Conso (Gouvernement Français),resources/official_docs/FR_Rappel_Conso_20947.pdf,False
5163080621,Guigoz,Guigoz AR/Gest/Optipro 800g,800g,France,Rappel de précaution : Présence potentielle de toxin (Céréulide),Rappel Conso (Gouvernement Français),resources/official_docs/FR_Rappel_Conso_20947.pdf,False
51640017V1,Illuma,Illuma Dual 1 800g,800g,China (Cross-border),预防性召回：蜡样芽孢杆菌代谢物风险 (Cereulide),雀巢中国官方公告,https://www.cfs.gov.hk/english/press/20260110_12105.html,False
5164080621,Guigoz,Guigoz AR/Gest/Optipro 800g,800g,France,Rappel de précaution : Présence potentielle de toxin (Céréulide),Rappel Conso (Gouvernement Français),resources/official_docs/FR_Rappel_Conso_20947.pdf,False
5165080621,Guigoz,Guigoz AR/Gest/Optipro 800g,800g,France,Rappel de précaution : Présence potentielle de toxin (Céréulide),Rappel Conso (Gouvernement Français),resources/official_docs/FR_Rappel_Conso_20947.pdf,False
51660742F2,Illuma,Illuma HA 1,800g,China (Cross-border),预防性召回：蜡样芽孢杆菌代谢物风险 (Cereulide),雀巢中国官方公告,https://www.cfs.gov.hk/english/press/20260110_12105.html,False
5166080621,Guigoz,Guigoz AR/Gest/Optipro 800g,800g,France,Rappel de précaution : Présence potentielle de toxin (Céréulide),Rappel Conso (Gouvernement Français),resources/official_docs/FR_Rappel_Conso_20947.pdf,False
51670742C2,Illuma,Illuma HA 2,800g,China (Cross-border),预防性召回：蜡样芽孢杆菌代谢物风险 (Cereulide),雀巢中国官方公告,https://www.cfs.gov.hk/english/press/20260110_12105.html,False
51670742F2,NAN,NaN Care 1,800g,China (Cross-border),预防性召回：蜡样芽孢杆菌代谢物风险 (Cereulide),雀巢中国官方公告,https://www.cfs.gov.hk/english/press/20260110_12105.html,False
5167080621,Guigoz,Guigoz AR/Gest/Optipro 800g,800g,France,Rappel de précaution : Présence potentielle de toxin (Céréulide),Rappel Conso (Gouvernement Français),resources/official_docs/FR_Rappel_Conso_20947.pdf,False
51680742C1,Illuma,Illuma HA 2,800g,China (Cross-border),预防性召回：蜡样芽孢杆菌代谢物风险 (Cereulide),雀巢中国官方公告,https://www.cfs.gov.hk/english/press/20260110_12105.html,False
5168080621,Guigoz,Guigoz AR/Gest/Optipro 800g,800g,France,Rappel de précaution : Présence potentielle de toxin (Céréulide),Rappel Conso (Gouvernement Français),resources/official_docs/FR_Rappel_Conso_20947.pdf,False
51690017Y2,SMA,SMA Alfamino 400g,400g,United Kingdom,Precautionary recall: Possible presence of Cereulide toxin (Bacillus cereus),UK Food Standards Agency (FSA),resources/official_docs/UK_FSA_Advisory_28046.pdf,False
51690017Y3,SMA,SMA Alfamino 400g,400g,United Kingdom,Precautionary recall: Possible presence of Cereulide toxin (Bacillus cereus),UK Food Standards Agency (FSA),resources/official_docs/UK_FSA_Advisory_28046.pdf,False
51690742F3,BEBA,BEBA Expert HA1 800g,800g,China (Cross-border),预防性召回：蜡样芽孢杆菌代谢物风险 (Cereulide),雀巢中国官方公告,https://www.cfs.gov.hk/english/press/20260110_12105.html,False
5169080621,Guigoz,Guigoz AR/Gest/Optipro 800g,800g,France,Rappel de précaution : Présence potentielle de toxin (Céréulide),Rappel Conso (Gouvernement Français),resources/official_docs/FR_Rappel_Conso_20947.pdf,False
51700017Y1,SMA,SMA Alfamino 400g,400g,United Kingdom,Precautionary recall: Possible presence of Cereulide toxin (Bacillus cereus),UK Food Standards Agency (FSA),resources/official_docs/UK_FSA_Advisory_28046.pdf,False
5170080621,Guigoz,Guigoz AR/Gest/Optipro 800g,800g,France,Rappel de précaution : Présence potentielle de toxin (Céréulide),Rappel Conso (Gouvernement Français),resources/official_docs/FR_Rappel_Conso_20947.pdf,False
51710017Y1,SMA,SMA Alfamino 400g,400g,United Kingdom,Precautionary recall: Possible presence of Cereulide toxin (Bacillus cereus),UK Food Standards Agency (FSA),resources/official_docs/UK_FSA_Advisory_28046.pdf,False
5171080621,Guigoz,Guigoz AR/Gest/Optipro 800g,800g,France,Rappel de précaution : Présence potentielle de toxin (Céréulide),Rappel Conso (Gouvernement Français),resources/official_docs/FR_Rappel_Conso_20947.pdf,False
51720742F2,BEBA,BEBA Supreme 1 800g,800g,China (Cross-border),预防性召回：蜡样芽孢杆菌代谢物风险 (Cereulide),雀巢中国官方公告,https://www.cfs.gov.hk/english/press/20260110_12105.html,False
5172080621,Guigoz,Guigoz AR/Gest/Optipro 800g,800g,France,Rappel de précaution : Présence potentielle de toxin (Céréulide),Rappel Conso (Gouvernement Français),resources/official_docs/FR_Rappel_Conso_20947.pdf,False
5173080621,Guigoz,Guigoz AR/Gest/Optipro 800g,800g,France,Rappel de précaution : Présence potentielle de toxin (Céréulide),Rappel Conso (Gouvernement Français),resources/official_docs/FR_Rappel_Conso_20947.pdf,False
51740017Y1,SMA,SMA Alfamino 400g,400g,United Kingdom,Precautionary recall: Possible presence of Cereulide toxin (Bacillus cereus),UK Food Standards Agency (FSA),resources/official_docs/UK_FSA_Advisory_28046.pdf,False
5174080621,Guigoz,Guigoz AR/Gest/Optipro 800g,800g,France,Rappel de précaution : Présence potentielle de toxin (Céréulide),Rappel Conso (Gouvernement Français),resources/official_docs/FR_Rappel_Conso_20947.pdf,False
5175080621,Guigoz,Guigoz AR/Gest/Optipro 800g,800g,France,Rappel de précaution : Présence potentielle de toxin (Céréulide),Rappel Conso (Gouvernement Français),resources/official_docs/FR_Rappel_Conso_20947.pdf,False
5176080621,Guigoz,Guigoz AR/Gest/Optipro 800g,800g,France,Rappel de précaution : Présence potentielle de toxin (Céréulide),Rappel Conso (Gouvernement Français),resources/official_docs/FR_Rappel_Conso_20947.pdf,False
5177080621,Guigoz,Guigoz AR/Gest/Optipro 800g,800g,France,Rappel de précaution : Présence potentielle de toxin (Céréulide),Rappel Conso (Gouvernement Français),resources/official_docs/FR_Rappel_Conso_20947.pdf,False
5178080621,Guigoz,Guigoz AR/Gest/Optipro 800g,800g,France,Rappel de précaution : Présence potentielle de toxin (Céréulide),Rappel Conso (Gouvernement Français),resources/official_docs/FR_Rappel_Conso_20947.pdf,False
5179080621,Guigoz,Guigoz AR/Gest/Optipro 800g,800g,France,Rappel de précaution : Présence potentielle de toxin (Céréulide),Rappel Conso (Gouvernement Français),resources/official_docs/FR_Rappel_Conso_20947.pdf,False
5180080621,Guigoz,Guigoz AR/Gest/Optipro 800g,800g,France,Rappel de précaution : Présence potentielle de toxin (Céréulide),Rappel Conso (Gouvernement Français),resources/official_docs/FR_Rappel_Conso_20947.pdf,False
5181080621,Guigoz,Guigoz AR/Gest/Optipro 800g,800g,France,Rappel de précaution : Présence potentielle de toxin (Céréulide),Rappel Conso (Gouvernement Français),resources/official_docs/FR_Rappel_Conso_20947.pdf,False
518111423A,NAN,NaN HA 3 900g,900g,China (Mainland),预防性召回：个别原材料存在蜡样芽孢杆菌代谢物（Cereulide）风险,雀巢中国官方公告 / 国家健康委备案,https://www.food.gov.uk/news-alerts/alert/fsa-prin-02-2026,False
518111423T,NAN,NaN HA 3 3x400g,3x400g,China (Mainland),预防性召回：个别原材料存在蜡样芽孢杆菌代谢物（Cereulide）风险,雀巢中国官方公告 / 国家健康委备案,https://www.food.gov.uk/news-alerts/alert/fsa-prin-02-2026,False
5182080621,Guigoz,Guigoz AR/Gest/Optipro 800g,800g,France,Rappel de précaution : Présence potentielle de toxin (Céréulide),Rappel Conso (Gouvernement Français),resources/official_docs/FR_Rappel_Conso_20947.pdf,False
518211423T,NAN,NaN HA 3 3x400g,3x400g,China (Mainland),预防性召回：个别原材料存在蜡样芽孢杆菌代谢物（Cereulide）风险,雀巢中国官方公告 / 国家健康委备案,https://www.food.gov.uk/news-alerts/alert/fsa-prin-02-2026,False
5183080621,Guigoz,Guigoz AR/Gest/Optipro 800g,800g,France,Rappel de précaution : Présence potentielle de toxin (Céréulide),Rappel Conso (Gouvernement Français),resources/official_docs/FR_Rappel_Conso_20947.pdf,False
5184080621,Guigoz,Guigoz AR/Gest/Optipro 800g,800g,France,Rappel de précaution : Présence potentielle de toxin (Céréulide),Rappel Conso (Gouvernement Français),resources/official_docs/FR_Rappel_Conso_20947.pdf,False
5185080621,Guigoz,Guigoz AR/Gest/Optipro 800g,800g,France,Rappel de précaution : Présence potentielle de toxin (Céréulide),Rappel Conso (Gouvernement Français),resources/official_docs/FR_Rappel_Conso_20947.pdf,False
5185080661,S-26,S-26 AR UAE/Kuwait 400g,400g,Middle East (MENA),Precautionary verification: Quality concern related to raw material,Nestlé MENA Official Release,https://www.food.gov.uk/news-alerts/alert/fsa-prin-02-2026,False
5186080621,Guigoz,Guigoz AR/Gest/Optipro 800g,800g,France,Rappel de précaution : Présence potentielle de toxin (Céréulide),Rappel Conso (Gouvernement Français),resources/official_docs/FR_Rappel_Conso_20947.pdf,False
5187080621,Guigoz,Guigoz AR/Gest/Optipro 800g,800g,France,Rappel de précaution : Présence potentielle de toxin (Céréulide),Rappel Conso (Gouvernement Français),resources/official_docs/FR_Rappel_Conso_20947.pdf,False
5188080621,Guigoz,Guigoz AR/Gest/Optipro 800g,800g,France,Rappel de précaution : Présence potentielle de toxin (Céréulide),Rappel Conso (Gouvernement Français),resources/official_docs/FR_Rappel_Conso_20947.pdf,False
51890742F2,SMA,SMA Follow-on 800g,800g,United Kingdom,Precautionary recall: Possible presence of Cereulide toxin (Bacillus cereus),UK Food Standards Agency (FSA),resources/official_docs/UK_FSA_Advisory_28046.pdf,False
5189080621,Guigoz,Guigoz AR/Gest/Optipro 800g,800g,France,Rappel de précaution : Présence potentielle de toxin (Céréulide),Rappel Conso (Gouvernement Français),resources/official_docs/FR_Rappel_Conso_20947.pdf,False
5190080621,Guigoz,Guigoz AR/Gest/Optipro 800g,800g,France,Rappel de précaution : Présence potentielle de toxin (Céréulide),Rappel Conso (Gouvernement Français),resources/official_docs/FR_Rappel_Conso_20947.pdf,False
5191080621,Guigoz,Guigoz AR/Gest/Optipro 800g,800g,France,Rappel de précaution : Présence potentielle de toxin (Céréulide),Rappel Conso (Gouvernement Français),resources/official_docs/FR_Rappel_Conso_20947.pdf,False
5192080621,Guigoz,Guigoz AR/Gest/Optipro 800g,800g,France,Rappel de précaution : Présence potentielle de toxin (Céréulide),Rappel Conso (Gouvernement Français),resources/official_docs/FR_Rappel_Conso_20947.pdf,False
5193080621,Guigoz,Guigoz AR/Gest/Optipro 800g,800g,France,Rappel de précaution : Présence potentielle de toxin (Céréulide),Rappel Conso (Gouvernement Français),resources/official_docs/FR_Rappel_Conso_20947.pdf,False
5194080621,Guigoz,Guigoz AR/Gest/Optipro 800g,800g,France,Rappel de précaution : Présence potentielle de toxin (Céréulide),Rappel Conso (Gouvernement Français),resources/official_docs/FR_Rappel_Conso_20947.pdf,False
5195080621,Guigoz,Guigoz AR/Gest/Optipro 800g,800g,France,Rappel de précaution : Présence potentielle de toxin (Céréulide),Rappel Conso (Gouvernement Français),resources/official_docs/FR_Rappel_Conso_20947.pdf,False
5196080621,Guigoz,Guigoz AR/Gest/Optipro 800g,800g,France,Rappel de précaution : Présence potentielle de toxin (Céréulide),Rappel Conso (Gouvernement Français),resources/official_docs/FR_Rappel_Conso_20947.pdf,False
5197080621,Guigoz,Guigoz AR/Gest/Optipro 800g,800g,France,Rappel de précaution : Présence potentielle de toxin (Céréulide),Rappel Conso (Gouvernement Français),resources/official_docs/FR_Rappel_Conso_20947.pdf,False
5198080621,Guigoz,Guigoz AR/Gest/Optipro 800g,800g,France,Rappel de précaution : Présence potentielle de toxin (Céréulide),Rappel Conso (Gouvernement Français),resources/official_docs/FR_Rappel_Conso_20947.pdf,False
5199080621,Guigoz,Guigoz AR/Gest/Optipro 800g,800g,France,Rappel de précaution : Présence potentielle de toxin (Céréulide),Rappel Conso (Gouvernement Français),resources/official_docs/FR_Rappel_Conso_20947.pdf,False
5200080621,Guigoz,Guigoz AR/Gest/Optipro 800g,800g,France,Rappel de précaution : Présence potentielle de toxin (Céréulide),Rappel Conso (Gouvernement Français),resources/official_docs/FR_Rappel_Conso_20947.pdf,False
5201080621,Guigoz,Guigoz AR/Gest/Optipro 800g,800g,France,Rappel de précaution : Présence potentielle de toxin (Céréulide),Rappel Conso (Gouvernement Français),resources/official_docs/FR_Rappel_Conso_20947.pdf,False
5202080621,Guigoz,Guigoz AR/Gest/Optipro 800g,800g,France,Rappel de précaution : Présence potentielle de toxin (Céréulide),Rappel Conso (Gouvernement Français),resources/official_docs/FR_Rappel_Conso_20947.pdf,False
52030017Y1,Nestlé Nutrition,Alfamino Infant 400g,400g,Australia/New Zealand,Precautionary recall: Microbial contamination (Cereulide),Food Standards Australia New Zealand (FSANZ),https://www.food.gov.uk/news-alerts/alert/fsa-prin-02-2026,False
5203080621,Guigoz,Guigoz AR/Gest/Optipro 800g,800g,France,Rappel de précaution : Présence potentielle de toxin (Céréulide),Rappel Conso (Gouvernement Français),resources/official_docs/FR_Rappel_Conso_20947.pdf,False
5204080621,Guigoz,Guigoz AR/Gest/Optipro 800g,800g,France,Rappel de précaution : Présence potentielle de toxin (Céréulide),Rappel Conso (Gouvernement Français),resources/official_docs/FR_Rappel_Conso_20947.pdf,False
5205080621,Guigoz,Guigoz AR/Gest/Optipro 800g,800g,France,Rappel de précaution : Présence potentielle de toxin (Céréulide),Rappel Conso (Gouvernement Français),resources/official_docs/FR_Rappel_Conso_20947.pdf,False
5206080621,Guigoz,Guigoz AR/Gest/Optipro 800g,800g,France,Rappel de précaution : Présence potentielle de toxin (Céréulide),Rappel Conso (Gouvernement Français),resources/official_docs/FR_Rappel_Conso_20947.pdf,False
52070742F3,Illuma,Illuma HA 3,800g,China (Cross-border),预防性召回：蜡样芽孢杆菌代谢物风险 (Cereulide),雀巢中国官方公告,https://www.cfs.gov.hk/english/press/20260110_12105.html,False
52070742F4,NAN,NaN Care 3,800g,China (Cross-border),预防性召回：蜡样芽孢杆菌代谢物风险 (Cereulide),雀巢中国官方公告,https://www.cfs.gov.hk/english/press/20260110_12105.html,False
5207080621,Guigoz,Guigoz AR/Gest/Optipro 800g,800g,France,Rappel de précaution : Présence potentielle de toxin (Céréulide),Rappel Conso (Gouvernement Français),resources/official_docs/FR_Rappel_Conso_20947.pdf,False
5208080621,Guigoz,Guigoz AR/Gest/Optipro 800g,800g,France,Rappel de précaution : Présence potentielle de toxin (Céréulide),Rappel Conso (Gouvernement Français),resources/official_docs/FR_Rappel_Conso_20947.pdf,False
5209080621,Guigoz,Guigoz AR/Gest/Optipro 800g,800g,France,Rappel de précaution : Présence potentielle de toxin (Céréulide),Rappel Conso (Gouvernement Français),resources/official_docs/FR_Rappel_Conso_20947.pdf,False
52099722BA,SMA,SMA Anti Reflux 800g,800g,United Kingdom,Precautionary recall: Possible presence of Cereulide toxin (Bacillus cereus),UK Food Standards Agency (FSA),resources/official_docs/UK_FSA_Advisory_28046.pdf,False
52319722BA,SMA,SMA Advanced First 800g,800g,United Kingdom,Precautionary recall: Possible presence of Cereulide toxin (Bacillus cereus),UK Food Standards Agency (FSA),resources/official_docs/UK_FSA_Advisory_28046.pdf,False
524411423T,NAN,NaN HA 3 3x400g,3x400g,China (Mainland),预防性召回：个别原材料存在蜡样芽孢杆菌代谢物（Cereulide）风险,雀巢中国官方公告 / 国家健康委备案,https://www.food.gov.uk/news-alerts/alert/fsa-prin-02-2026,False
524411423U,NAN,NaN HA 3 3x400g,3x400g,China (Mainland),预防性召回：个别原材料存在蜡样芽孢杆菌代谢物（Cereulide）风险,雀巢中国官方公告 / 国家健康委备案,https://www.food.gov.uk/news-alerts/alert/fsa-prin-02-2026,False
524511423A,NAN,NaN HA 2 900g,900g,China (Mainland),预防性召回：个别原材料存在蜡样芽孢杆菌代谢物（Cereulide）风险,雀巢中国官方公告 / 国家健康委备案,https://www.food.gov.uk/news-alerts/alert/fsa-prin-02-2026,False
524511423B,NAN,NaN HA 2 900g,900g,China (Mainland),预防性召回：个别原材料存在蜡样芽孢杆菌代谢物（Cereulide）风险,雀巢中国官方公告 / 国家健康委备案,https://www.food.gov.uk/news-alerts/alert/fsa-prin-02-2026,False
524511423C,NAN,NaN HA 3 900g,900g,China (Mainland),预防性召回：个别原材料存在蜡样芽孢杆菌代谢物（Cereulide）风险,雀巢中国官方公告 / 国家健康委备案,https://www.food.gov.uk/news-alerts/alert/fsa-prin-02-2026,False
524511423T,NAN,NaN HA 3 3x400g,3x400g,China (Mainland),预防性召回：个别原材料存在蜡样芽孢杆菌代谢物（Cereulide）风险,雀巢中国官方公告 / 国家健康委备案,https://www.food.gov.uk/news-alerts/alert/fsa-prin-02-2026,False
524611423A,NAN,NaN HA 1 900g,900g,China (Mainland),预防性召回：个别原材料存在蜡样芽孢杆菌代谢物（Cereulide）风险,雀巢中国官方公告 / 国家健康委备案,https://www.food.gov.uk/news-alerts/alert/fsa-prin-02-2026,False
524611423C,NAN,NaN HA 1 900g,900g,China (Mainland),预防性召回：个别原材料存在蜡样芽孢杆菌代谢物（Cereulide）风险,雀巢中国官方公告 / 国家健康委备案,https://www.food.gov.uk/news-alerts/alert/fsa-prin-02-2026,False
524611423T,NAN,NaN HA 3 3x400g,3x400g,China (Mainland),预防性召回：个别原材料存在蜡样芽孢杆菌代谢物（Cereulide）风险,雀巢中国官方公告 / 国家健康委备案,https://www.food.gov.uk/news-alerts/alert/fsa-prin-02-2026,False
52461142CA,NAN,NaN HA 2 900g,900g,China (Mainland),预防性召回：个别原材料存在蜡样芽孢杆菌代谢物（Cereulide）风险,雀巢中国官方公告 / 国家健康委备案,https://www.food.gov.uk/news-alerts/alert/fsa-prin-02-2026,False
52470017C3,Illuma,Illuma Future 3 800g,800g,China (Cross-border),预防性召回：蜡样芽孢杆菌代谢物风险 (Cereulide),雀巢中国官方公告,https://www.cfs.gov.hk/english/press/20260110_12105.html,False
525311423U,Lactogen,Lactogen 2 400g,400g,China (Mainland),预防性召回：个别原材料存在蜡样芽孢杆菌代谢物（Cereulide）风险,雀巢中国官方公告 / 国家健康委备案,https://www.food.gov.uk/news-alerts/alert/fsa-prin-02-2026,False
525401896A,Nestlé Nutrition,NAN Optipro 6-12mo 400g,400g,Philippines,Voluntary Recall: Detection of low levels of cereulide in a raw material,Philippines FDA Advisory No.2026-0030,https://www.fda.gov.ph/fda-advisory-no-2026-0030-voluntary-recall-of-nan-optipro-and-nankid-optipro-products/,False
525411423A,Lactogen,Lactogen 2 900g,900g,China (Mainland),预防性召回：个别原材料存在蜡样芽孢杆菌代谢物（Cereulide）风险,雀巢中国官方公告 / 国家健康委备案,https://www.food.gov.uk/news-alerts/alert/fsa-prin-02-2026,False
525411423B,Lactogen,Lactogen 1 900g,900g,China (Mainland),预防性召回：个别原材料存在蜡样芽孢杆菌代谢物（Cereulide）风险,雀巢中国官方公告 / 国家健康委备案,https://www.food.gov.uk/news-alerts/alert/fsa-prin-02-2026,False
525411423T,Lactogen,Lactogen 2 400g,400g,China (Mainland),预防性召回：个别原材料存在蜡样芽孢杆菌代谢物（Cereulide）风险,雀巢中国官方公告 / 国家健康委备案,https://www.food.gov.uk/news-alerts/alert/fsa-prin-02-2026,False
525411423U,Lactogen,Lactogen 1 400g,400g,China (Mainland),预防性召回：个别原材料存在蜡样芽孢杆菌代谢物（Cereulide）风险,雀巢中国官方公告 / 国家健康委备案,https://www.food.gov.uk/news-alerts/alert/fsa-prin-02-2026,False
52580017C2,Illuma,Illuma Future 2 800g,800g,China (Cross-border),预防性召回：蜡样芽孢杆菌代谢物风险 (Cereulide),雀巢中国官方公告,https://www.cfs.gov.hk/english/press/20260110_12105.html,False
52590017A2,Illuma,Illuma Future 2 370g,370g,China (Cross-border),预防性召回：蜡样芽孢杆菌代谢物风险 (Cereulide),雀巢中国官方公告,https://www.cfs.gov.hk/english/press/20260110_12105.html,False
526711423B,NAN,NaN SUPREMEpro 3 850g,850g,China (Mainland),预防性召回：个别原材料存在蜡样芽孢杆菌代谢物（Cereulide）风险,雀巢中国官方公告 / 国家健康委备案,https://www.food.gov.uk/news-alerts/alert/fsa-prin-02-2026,False
526711423C,NAN,NaN SUPREMEpro 2 850g,850g,China (Mainland),预防性召回：个别原材料存在蜡样芽孢杆菌代谢物（Cereulide）风险,雀巢中国官方公告 / 国家健康委备案,https://www.food.gov.uk/news-alerts/alert/fsa-prin-02-2026,False
526811423A,NAN,NaN SUPREMEpro 1 850g,850g,China (Mainland),预防性召回：个别原材料存在蜡样芽孢杆菌代谢物（Cereulide）风险,雀巢中国官方公告 / 国家健康委备案,https://www.food.gov.uk/news-alerts/alert/fsa-prin-02-2026,False
526901896A6,Nestlé Nutrition,NAN Optipro 0-6mo 400g,400g,Philippines,Voluntary Recall: Detection of low levels of cereulide in a raw material,Philippines FDA Advisory No.2026-0030,https://www.fda.gov.ph/fda-advisory-no-2026-0030-voluntary-recall-of-nan-optipro-and-nankid-optipro-products/,False
526911423A,NAN,NaN SUPREMEpro 3 200g,200g,China (Mainland),预防性召回：个别原材料存在蜡样芽孢杆菌代谢物（Cereulide）风险,雀巢中国官方公告 / 国家健康委备案,https://www.food.gov.uk/news-alerts/alert/fsa-prin-02-2026,False
526911423B,NAN,NaN SUPREMEpro 2 200g,200g,China (Mainland),预防性召回：个别原材料存在蜡样芽孢杆菌代谢物（Cereulide）风险,雀巢中国官方公告 / 国家健康委备案,https://www.food.gov.uk/news-alerts/alert/fsa-prin-02-2026,False
5271080661,S-26,S-26 AR UAE 400g,400g,Middle East (MENA),Precautionary verification: Quality concern related to raw material,Nestlé MENA Official Release,https://www.food.gov.uk/news-alerts/alert/fsa-prin-02-2026,False
527111423A,S-26,Wyeth S-26 800g,800g,China (Mainland),预防性召回：个别原材料存在蜡样芽孢杆菌代谢物（Cereulide）风险,雀巢中国官方公告 / 国家健康委备案,https://www.food.gov.uk/news-alerts/alert/fsa-prin-02-2026,False
52730346BB,Nidal,Nidal Nidalgest 1 1.2kg,2kg,France,Rappel de précaution : Présence potentielle de toxin (Céréulide),Rappel Conso (Gouvernement Français),resources/official_docs/FR_Rappel_Conso_20947.pdf,False
52740346AB,Nidal,Nidal Nidalgest 1 800g,800g,France,Rappel de précaution : Présence potentielle de toxin (Céréulide),Rappel Conso (Gouvernement Français),resources/official_docs/FR_Rappel_Conso_20947.pdf,False
52740346AD,Nestlé Nutrition,LITTLE STEPS First 800g,800g,United Kingdom,Precautionary recall: Possible presence of Cereulide toxin (Bacillus cereus),UK Food Standards Agency (FSA),resources/official_docs/UK_FSA_Advisory_28046.pdf,False
52740346BA,SMA,SMA First Milk 1.2kg,2kg,United Kingdom,Precautionary recall: Possible presence of Cereulide toxin (Bacillus cereus),UK Food Standards Agency (FSA),resources/official_docs/UK_FSA_Advisory_28046.pdf,False
52750346AD,SMA,SMA First Milk 400g,400g,United Kingdom,Precautionary recall: Possible presence of Cereulide toxin (Bacillus cereus),UK Food Standards Agency (FSA),resources/official_docs/UK_FSA_Advisory_28046.pdf,False
52750346AE,SMA,SMA First Milk 800g,800g,United Kingdom,Precautionary recall: Possible presence of Cereulide toxin (Bacillus cereus),UK Food Standards Agency (FSA),resources/official_docs/UK_FSA_Advisory_28046.pdf,False
52750346BA,SMA,SMA First Milk 1.2kg,2kg,United Kingdom,Precautionary recall: Possible presence of Cereulide toxin (Bacillus cereus),UK Food Standards Agency (FSA),resources/official_docs/UK_FSA_Advisory_28046.pdf,False
52760017Y5,SMA,SMA Alfamino 400g,400g,United Kingdom,Precautionary recall: Possible presence of Cereulide toxin (Bacillus cereus),UK Food Standards Agency (FSA),resources/official_docs/UK_FSA_Advisory_28046.pdf,False
52760346AB,SMA,SMA First Milk 800g,800g,United Kingdom,Precautionary recall: Possible presence of Cereulide toxin (Bacillus cereus),UK Food Standards Agency (FSA),resources/official_docs/UK_FSA_Advisory_28046.pdf,False
52760346AD,SMA,SMA First Milk 800g,800g,United Kingdom,Precautionary recall: Possible presence of Cereulide toxin (Bacillus cereus),UK Food Standards Agency (FSA),resources/official_docs/UK_FSA_Advisory_28046.pdf,False
52770017V2,NAN,NaN Care 3,800g,China (Cross-border),预防性召回：蜡样芽孢杆菌代谢物风险 (Cereulide),雀巢中国官方公告,https://www.cfs.gov.hk/english/press/20260110_12105.html,False
52780346AA,SMA,SMA First Milk 800g,800g,United Kingdom,Precautionary recall: Possible presence of Cereulide toxin (Bacillus cereus),UK Food Standards Agency (FSA),resources/official_docs/UK_FSA_Advisory_28046.pdf,False
52790017Y1,SMA,SMA Alfamino 400g,400g,United Kingdom,Precautionary recall: Possible presence of Cereulide toxin (Bacillus cereus),UK Food Standards Agency (FSA),resources/official_docs/UK_FSA_Advisory_28046.pdf,False
52819722AA,SMA,SMA Advanced First 800g,800g,United Kingdom,Precautionary recall: Possible presence of Cereulide toxin (Bacillus cereus),UK Food Standards Agency (FSA),resources/official_docs/UK_FSA_Advisory_28046.pdf,False
52850017C3,Illuma,Illuma Dual 2 800g,800g,China (Cross-border),预防性召回：蜡样芽孢杆菌代谢物风险 (Cereulide),雀巢中国官方公告,https://www.cfs.gov.hk/english/press/20260110_12105.html,False
52850742F2,BEBA,BEBA Supreme 3 830g,830g,China (Cross-border),预防性召回：蜡样芽孢杆菌代谢物风险 (Cereulide),雀巢中国官方公告,https://www.cfs.gov.hk/english/press/20260110_12105.html,False
528511423B,Lactogen,Lactogen 2 900g,900g,China (Mainland),预防性召回：个别原材料存在蜡样芽孢杆菌代谢物（Cereulide）风险,雀巢中国官方公告 / 国家健康委备案,https://www.food.gov.uk/news-alerts/alert/fsa-prin-02-2026,False
528511423C,NAN,NaN HA 3 900g,900g,China (Mainland),预防性召回：个别原材料存在蜡样芽孢杆菌代谢物（Cereulide）风险,雀巢中国官方公告 / 国家健康委备案,https://www.food.gov.uk/news-alerts/alert/fsa-prin-02-2026,False
528511423T,NAN,NaN HA 3 3x400g,3x400g,China (Mainland),预防性召回：个别原材料存在蜡样芽孢杆菌代谢物（Cereulide）风险,雀巢中国官方公告 / 国家健康委备案,https://www.food.gov.uk/news-alerts/alert/fsa-prin-02-2026,False
52860017Y1,SMA,SMA Alfamino 400g,400g,United Kingdom,Precautionary recall: Possible presence of Cereulide toxin (Bacillus cereus),UK Food Standards Agency (FSA),resources/official_docs/UK_FSA_Advisory_28046.pdf,False
52860295M,SMA,SMA First Milk 200ml,200ml,United Kingdom,Precautionary recall: Possible presence of Cereulide toxin (Bacillus cereus),UK Food Standards Agency (FSA),resources/official_docs/UK_FSA_Advisory_28046.pdf,False
528611423U,Lactogen,Lactogen 2 400g,400g,China (Mainland),预防性召回：个别原材料存在蜡样芽孢杆菌代谢物（Cereulide）风险,雀巢中国官方公告 / 国家健康委备案,https://www.food.gov.uk/news-alerts/alert/fsa-prin-02-2026,False
52870295M,SMA,SMA First Milk 200ml,200ml,United Kingdom,Precautionary recall: Possible presence of Cereulide toxin (Bacillus cereus),UK Food Standards Agency (FSA),resources/official_docs/UK_FSA_Advisory_28046.pdf,False
52879722AA,SMA,SMA Follow-on 800g,800g,United Kingdom,Precautionary recall: Possible presence of Cereulide toxin (Bacillus cereus),UK Food Standards Agency (FSA),resources/official_docs/UK_FSA_Advisory_28046.pdf,False
52880742F1,Guigoz,Guigoz 1 6x230ml,6x230ml,France,Rappel de précaution : Présence potentielle de toxin (Céréulide),Rappel Conso (Gouvernement Français),resources/official_docs/FR_Rappel_Conso_20947.pdf,False
528901896B,Nestlé Nutrition,NAN Optipro 6-12mo 450g,450g,Philippines,Voluntary Recall: Detection of low levels of cereulide in a raw material,Philippines FDA Advisory No.2026-0030,https://www.fda.gov.ph/fda-advisory-no-2026-0030-voluntary-recall-of-nan-optipro-and-nankid-optipro-products/,False
52910017C1,Illuma,Illuma Dual 3 800g,800g,China (Cross-border),预防性召回：蜡样芽孢杆菌代谢物风险 (Cereulide),雀巢中国官方公告,https://www.cfs.gov.hk/english/press/20260110_12105.html,False
52930017C3,NAN,NaN A2 2,800g,China (Cross-border),预防性召回：蜡样芽孢杆菌代谢物风险 (Cereulide),雀巢中国官方公告,https://www.cfs.gov.hk/english/press/20260110_12105.html,False
52970742C1,NAN,NaN Care 1,800g,China (Cross-border),预防性召回：蜡样芽孢杆菌代谢物风险 (Cereulide),雀巢中国官方公告,https://www.cfs.gov.hk/english/press/20260110_12105.html,False
52970742F1,NAN,NaN Care 1,800g,China (Cross-border),预防性召回：蜡样芽孢杆菌代谢物风险 (Cereulide),雀巢中国官方公告,https://www.cfs.gov.hk/english/press/20260110_12105.html,False
53030017C2,NAN,NaN Care 4,800g,China (Cross-border),预防性召回：蜡样芽孢杆菌代谢物风险 (Cereulide),雀巢中国官方公告,https://www.cfs.gov.hk/english/press/20260110_12105.html,False
53030295M,SMA,SMA First Milk 200ml,200ml,United Kingdom,Precautionary recall: Possible presence of Cereulide toxin (Bacillus cereus),UK Food Standards Agency (FSA),resources/official_docs/UK_FSA_Advisory_28046.pdf,False
530311423A,Lactogen,Lactogen 3 900g,900g,China (Mainland),预防性召回：个别原材料存在蜡样芽孢杆菌代谢物（Cereulide）风险,雀巢中国官方公告 / 国家健康委备案,https://www.food.gov.uk/news-alerts/alert/fsa-prin-02-2026,False
530311423B,Lactogen,Lactogen 3 900g,900g,China (Mainland),预防性召回：个别原材料存在蜡样芽孢杆菌代谢物（Cereulide）风险,雀巢中国官方公告 / 国家健康委备案,https://www.food.gov.uk/news-alerts/alert/fsa-prin-02-2026,False
53070742F1,NAN,NaN Care 2,800g,China (Cross-border),预防性召回：蜡样芽孢杆菌代谢物风险 (Cereulide),雀巢中国官方公告,https://www.cfs.gov.hk/english/press/20260110_12105.html,False
53100017Y3,SMA,SMA Alfamino 400g,400g,United Kingdom,Precautionary recall: Possible presence of Cereulide toxin (Bacillus cereus),UK Food Standards Agency (FSA),resources/official_docs/UK_FSA_Advisory_28046.pdf,False
53110017Y1,SMA,SMA Alfamino 400g,400g,United Kingdom,Precautionary recall: Possible presence of Cereulide toxin (Bacillus cereus),UK Food Standards Agency (FSA),resources/official_docs/UK_FSA_Advisory_28046.pdf,False
53140017Y1,SMA,SMA Alfamino 400g,400g,United Kingdom,Precautionary recall: Possible presence of Cereulide toxin (Bacillus cereus),UK Food Standards Agency (FSA),resources/official_docs/UK_FSA_Advisory_28046.pdf,False
53150017Y1,SMA,SMA Alfamino 400g,400g,United Kingdom,Precautionary recall: Possible presence of Cereulide toxin (Bacillus cereus),UK Food Standards Agency (FSA),resources/official_docs/UK_FSA_Advisory_28046.pdf,False
53160742C1,BEBA,BEBA Supreme 2 200ml,200ml,China (Cross-border),预防性召回：蜡样芽孢杆菌代谢物风险 (Cereulide),雀巢中国官方公告,https://www.cfs.gov.hk/english/press/20260110_12105.html,False
53170742B1,SMA,SMA First Milk 70ml,70ml,United Kingdom,Precautionary recall: Possible presence of Cereulide toxin (Bacillus cereus),UK Food Standards Agency (FSA),resources/official_docs/UK_FSA_Advisory_28046.pdf,False
53180295M,Guigoz,Guigoz 1 6x230ml,6x230ml,France,Rappel de précaution : Présence potentielle de toxin (Céréulide),Rappel Conso (Gouvernement Français),resources/official_docs/FR_Rappel_Conso_20947.pdf,False
53210742D1,BEBA,BEBA Supreme 3 200ml,200ml,China (Cross-border),预防性召回：蜡样芽孢杆菌代谢物风险 (Cereulide),雀巢中国官方公告,https://www.cfs.gov.hk/english/press/20260110_12105.html,False
533001896A,Nestlé Nutrition,NAN Optipro 6-12mo 600g,600g,Philippines,Voluntary Recall: Detection of low levels of cereulide in a raw material,Philippines FDA Advisory No.2026-0030,https://www.fda.gov.ph/fda-advisory-no-2026-0030-voluntary-recall-of-nan-optipro-and-nankid-optipro-products/,False
53300742F1,Guigoz,Guigoz 1 6x230ml,6x230ml,France,Rappel de précaution : Présence potentielle de toxin (Céréulide),Rappel Conso (Gouvernement Français),resources/official_docs/FR_Rappel_Conso_20947.pdf,False
5330080661,S-26,S-26 AR Gold Kuwait 400g,400g,Middle East (MENA),Precautionary verification: Quality concern related to raw material,Nestlé MENA Official Release,https://www.food.gov.uk/news-alerts/alert/fsa-prin-02-2026,False
53350742D1,BEBA,BEBA Supreme 3 200ml,200ml,China (Cross-border),预防性召回：蜡样芽孢杆菌代谢物风险 (Cereulide),雀巢中国官方公告,https://www.cfs.gov.hk/english/press/20260110_12105.html,False
53360742C1,BEBA,BEBA Supreme 2 200ml,200ml,China (Cross-border),预防性召回：蜡样芽孢杆菌代谢物风险 (Cereulide),雀巢中国官方公告,https://www.cfs.gov.hk/english/press/20260110_12105.html,False
L51180346BA,BEBA,BEBA Pre 2x600g,600g,Germany,Vorsorglicher Rückruf: Mögliches Vorhandensein des Toxins Cereulid,Nestlé Deutschland / Lebensmittelwarnung.de,https://www.food.gov.uk/news-alerts/alert/fsa-prin-02-2026,False
L51200346BA,BEBA,BEBA Pre 2x600g,600g,Germany,Vorsorglicher Rückruf: Mögliches Vorhandensein des Toxins Cereulid,Nestlé Deutschland / Lebensmittelwarnung.de,https://www.food.gov.uk/news-alerts/alert/fsa-prin-02-2026,False
L51530346AB,BEBA,BEBA Pre 800g,800g,Germany,Vorsorglicher Rückruf: Mögliches Vorhandensein des Toxins Cereulid,Nestlé Deutschland / Lebensmittelwarnung.de,https://www.food.gov.uk/news-alerts/alert/fsa-prin-02-2026,False
L51660346AC,BEBA,BEBA Pre 800g,800g,Germany,Vorsorglicher Rückruf: Mögliches Vorhandensein des Toxins Cereulid,Nestlé Deutschland / Lebensmittelwarnung.de,https://www.food.gov.uk/news-alerts/alert/fsa-prin-02-2026,False
L51710346BA,BEBA,BEBA Pre 2x600g,600g,Germany,Vorsorglicher Rückruf: Mögliches Vorhandensein des Toxins Cereulid,Nestlé Deutschland / Lebensmittelwarnung.de,https://www.food.gov.uk/news-alerts/alert/fsa-prin-02-2026,False
L52000346AA,BEBA,BEBA Variety Pack 800g,800g,Germany,Vorsorglicher Rückruf: Mögliches Vorhandensein des Toxins Cereulid,Nestlé Deutschland / Lebensmittelwarnung.de,https://www.food.gov.uk/news-alerts/alert/fsa-prin-02-2026,False
L52010346AA,BEBA,BEBA Variety Pack 800g,800g,Germany,Vorsorglicher Rückruf: Mögliches Vorhandensein des Toxins Cereulid,Nestlé Deutschland / Lebensmittelwarnung.de,https://www.food.gov.uk/news-alerts/alert/fsa-prin-02-2026,False
L52020346AA,BEBA,BEBA Variety Pack 800g,800g,Germany,Vorsorglicher Rückruf: Mögliches Vorhandensein des Toxins Cereulid,Nestlé Deutschland / Lebensmittelwarnung.de,https://www.food.gov.uk/news-alerts/alert/fsa-prin-02-2026,False
L52030346AA,BEBA,BEBA Variety Pack 800g,800g,Germany,Vorsorglicher Rückruf: Mögliches Vorhandensein des Toxins Cereulid,Nestlé Deutschland / Lebensmittelwarnung.de,https://www.food.gov.uk/news-alerts/alert/fsa-prin-02-2026,False
L52040346AA,BEBA,BEBA Variety Pack 800g,800g,Germany,Vorsorglicher Rückruf: Mögliches Vorhandensein des Toxins Cereulid,Nestlé Deutschland / Lebensmittelwarnung.de,https://www.food.gov.uk/news-alerts/alert/fsa-prin-02-2026,False
L52050346AA,BEBA,BEBA Variety Pack 800g,800g,Germany,Vorsorglicher Rückruf: Mögliches Vorhandensein des Toxins Cereulid,Nestlé Deutschland / Lebensmittelwarnung.de,https://www.food.gov.uk/news-alerts/alert/fsa-prin-02-2026,False
L52060346AA,BEBA,BEBA Variety Pack 800g,800g,Germany,Vorsorglicher Rückruf: Mögliches Vorhandensein des Toxins Cereulid,Nestlé Deutschland / Lebensmittelwarnung.de,https://www.food.gov.uk/news-alerts/alert/fsa-prin-02-2026,False
L52070346AA,BEBA,BEBA Variety Pack 800g,800g,Germany,Vorsorglicher Rückruf: Mögliches Vorhandensein des Toxins Cereulid,Nestlé Deutschland / Lebensmittelwarnung.de,https://www.food.gov.uk/news-alerts/alert/fsa-prin-02-2026,False
L52080346AA,BEBA,BEBA Variety Pack 800g,800g,Germany,Vorsorglicher Rückruf: Mögliches Vorhandensein des Toxins Cereulid,Nestlé Deutschland / Lebensmittelwarnung.de,https://www.food.gov.uk/news-alerts/alert/fsa-prin-02-2026,False
L52090346AA,BEBA,BEBA Variety Pack 800g,800g,Germany,Vorsorglicher Rückruf: Mögliches Vorhandensein des Toxins Cereulid,Nestlé Deutschland / Lebensmittelwarnung.de,https://www.food.gov.uk/news-alerts/alert/fsa-prin-02-2026,False
L52100346AA,BEBA,BEBA Variety Pack 800g,800g,Germany,Vorsorglicher Rückruf: Mögliches Vorhandensein des Toxins Cereulid,Nestlé Deutschland / Lebensmittelwarnung.de,https://www.food.gov.uk/news-alerts/alert/fsa-prin-02-2026,False
L52110346AA,BEBA,BEBA Variety Pack 800g,800g,Germany,Vorsorglicher Rückruf: Mögliches Vorhandensein des Toxins Cereulid,Nestlé Deutschland / Lebensmittelwarnung.de,https://www.food.gov.uk/news-alerts/alert/fsa-prin-02-2026,False
L52120346AA,BEBA,BEBA Variety Pack 800g,800g,Germany,Vorsorglicher Rückruf: Mögliches Vorhandensein des Toxins Cereulid,Nestlé Deutschland / Lebensmittelwarnung.de,https://www.food.gov.uk/news-alerts/alert/fsa-prin-02-2026,False
L52130346AA,BEBA,BEBA Variety Pack 800g,800g,Germany,Vorsorglicher Rückruf: Mögliches Vorhandensein des Toxins Cereulid,Nestlé Deutschland / Lebensmittelwarnung.de,https://www.food.gov.uk/news-alerts/alert/fsa-prin-02-2026,False
L52140346AA,BEBA,BEBA Variety Pack 800g,800g,Germany,Vorsorglicher Rückruf: Mögliches Vorhandensein des Toxins Cereulid,Nestlé Deutschland / Lebensmittelwarnung.de,https://www.food.gov.uk/news-alerts/alert/fsa-prin-02-2026,False
L52150346AA,BEBA,BEBA Variety Pack 800g,800g,Germany,Vorsorglicher Rückruf: Mögliches Vorhandensein des Toxins Cereulid,Nestlé Deutschland / Lebensmittelwarnung.de,https://www.food.gov.uk/news-alerts/alert/fsa-prin-02-2026,False
L52160346AA,BEBA,BEBA Variety Pack 800g,800g,Germany,Vorsorglicher Rückruf: Mögliches Vorhandensein des Toxins Cereulid,Nestlé Deutschland / Lebensmittelwarnung.de,https://www.food.gov.uk/news-alerts/alert/fsa-prin-02-2026,False
L52170346AA,BEBA,BEBA Variety Pack 800g,800g,Germany,Vorsorglicher Rückruf: Mögliches Vorhandensein des Toxins Cereulid,Nestlé Deutschland / Lebensmittelwarnung.de,https://www.food.gov.uk/news-alerts/alert/fsa-prin-02-2026,False
L52180346AA,BEBA,BEBA Variety Pack 800g,800g,Germany,Vorsorglicher Rückruf: Mögliches Vorhandensein des Toxins Cereulid,Nestlé Deutschland / Lebensmittelwarnung.de,https://www.food.gov.uk/news-alerts/alert/fsa-prin-02-2026,False
L52190346AA,BEBA,BEBA Variety Pack 800g,800g,Germany,Vorsorglicher Rückruf: Mögliches Vorhandensein des Toxins Cereulid,Nestlé Deutschland / Lebensmittelwarnung.de,https://www.food.gov.uk/news-alerts/alert/fsa-prin-02-2026,False
L52200346AA,BEBA,BEBA Variety Pack 800g,800g,Germany,Vorsorglicher Rückruf: Mögliches Vorhandensein des Toxins Cereulid,Nestlé Deutschland / Lebensmittelwarnung.de,https://www.food.gov.uk/news-alerts/alert/fsa-prin-02-2026,False
L52210346AA,BEBA,BEBA Variety Pack 800g,800g,Germany,Vorsorglicher Rückruf: Mögliches Vorhandensein des Toxins Cereulid,Nestlé Deutschland / Lebensmittelwarnung.de,https://www.food.gov.uk/news-alerts/alert/fsa-prin-02-2026,False
L52220346AA,BEBA,BEBA Variety Pack 800g,800g,Germany,Vorsorglicher Rückruf: Mögliches Vorhandensein des Toxins Cereulid,Nestlé Deutschland / Lebensmittelwarnung.de,https://www.food.gov.uk/news-alerts/alert/fsa-prin-02-2026,False
L52230346AA,BEBA,BEBA Variety Pack 800g,800g,Germany,Vorsorglicher Rückruf: Mögliches Vorhandensein des Toxins Cereulid,Nestlé Deutschland / Lebensmittelwarnung.de,https://www.food.gov.uk/news-alerts/alert/fsa-prin-02-2026,False
L52240346AA,BEBA,BEBA Variety Pack 800g,800g,Germany,Vorsorglicher Rückruf: Mögliches Vorhandensein des Toxins Cereulid,Nestlé Deutschland / Lebensmittelwarnung.de,https://www.food.gov.uk/news-alerts/alert/fsa-prin-02-2026,False
L52250346AA,BEBA,BEBA Variety Pack 800g,800g,Germany,Vorsorglicher Rückruf: Mögliches Vorhandensein des Toxins Cereulid,Nestlé Deutschland / Lebensmittelwarnung.de,https://www.food.gov.uk/news-alerts/alert/fsa-prin-02-2026,False
L52260346AA,BEBA,BEBA Variety Pack 800g,800g,Germany,Vorsorglicher Rückruf: Mögliches Vorhandensein des Toxins Cereulid,Nestlé Deutschland / Lebensmittelwarnung.de,https://www.food.gov.uk/news-alerts/alert/fsa-prin-02-2026,False
L52270346AA,BEBA,BEBA Variety Pack 800g,800g,Germany,Vorsorglicher Rückruf: Mögliches Vorhandensein des Toxins Cereulid,Nestlé Deutschland / Lebensmittelwarnung.de,https://www.food.gov.uk/news-alerts/alert/fsa-prin-02-2026,False
L52280346AA,BEBA,BEBA Variety Pack 800g,800g,Germany,Vorsorglicher Rückruf: Mögliches Vorhandensein des Toxins Cereulid,Nestlé Deutschland / Lebensmittelwarnung.de,https://www.food.gov.uk/news-alerts/alert/fsa-prin-02-2026,False
L52290346AA,BEBA,BEBA Variety Pack 800g,800g,Germany,Vorsorglicher Rückruf: Mögliches Vorhandensein des Toxins Cereulid,Nestlé Deutschland / Lebensmittelwarnung.de,https://www.food.gov.uk/news-alerts/alert/fsa-prin-02-2026,False
L52300346AA,BEBA,BEBA Variety Pack 800g,800g,Germany,Vorsorglicher Rückruf: Mögliches Vorhandensein des Toxins Cereulid,Nestlé Deutschland / Lebensmittelwarnung.de,https://www.food.gov.uk/news-alerts/alert/fsa-prin-02-2026,False
L52310346AA,BEBA,BEBA Variety Pack 800g,800g,Germany,Vorsorglicher Rückruf: Mögliches Vorhandensein des Toxins Cereulid,Nestlé Deutschland / Lebensmittelwarnung.de,https://www.food.gov.uk/news-alerts/alert/fsa-prin-02-2026,False
L52320346AA,BEBA,BEBA Variety Pack 800g,800g,Germany,Vorsorglicher Rückruf: Mögliches Vorhandensein des Toxins Cereulid,Nestlé Deutschland / Lebensmittelwarnung.de,https://www.food.gov.uk/news-alerts/alert/fsa-prin-02-2026,False
L52330346AA,BEBA,BEBA Variety Pack 800g,800g,Germany,Vorsorglicher Rückruf: Mögliches Vorhandensein des Toxins Cereulid,Nestlé Deutschland / Lebensmittelwarnung.de,https://www.food.gov.uk/news-alerts/alert/fsa-prin-02-2026,False
L52340346AA,BEBA,BEBA Variety Pack 800g,800g,Germany,Vorsorglicher Rückruf: Mögliches Vorhandensein des Toxins Cereulid,Nestlé Deutschland / Lebensmittelwarnung.de,https://www.food.gov.uk/news-alerts/alert/fsa-prin-02-2026,False
L52350346AA,BEBA,BEBA Variety Pack 800g,800g,Germany,Vorsorglicher Rückruf: Mögliches Vorhandensein des Toxins Cereulid,Nestlé Deutschland / Lebensmittelwarnung.de,https://www.food.gov.uk/news-alerts/alert/fsa-prin-02-2026,False
L52360346AA,BEBA,BEBA Variety Pack 800g,800g,Germany,Vorsorglicher Rückruf: Mögliches Vorhandensein des Toxins Cereulid,Nestlé Deutschland / Lebensmittelwarnung.de,https://www.food.gov.uk/news-alerts/alert/fsa-prin-02-2026,False
L52370346AA,BEBA,BEBA Variety Pack 800g,800g,Germany,Vorsorglicher Rückruf: Mögliches Vorhandensein des Toxins Cereulid,Nestlé Deutschland / Lebensmittelwarnung.de,https://www.food.gov.uk/news-alerts/alert/fsa-prin-02-2026,False
L52380346AA,BEBA,BEBA Variety Pack 800g,800g,Germany,Vorsorglicher Rückruf: Mögliches Vorhandensein des Toxins Cereulid,Nestlé Deutschland / Lebensmittelwarnung.de,https://www.food.gov.uk/news-alerts/alert/fsa-prin-02-2026,False
L52390346AA,BEBA,BEBA Variety Pack 800g,800g,Germany,Vorsorglicher Rückruf: Mögliches Vorhandensein des Toxins Cereulid,Nestlé Deutschland / Lebensmittelwarnung.de,https://www.food.gov.uk/news-alerts/alert/fsa-prin-02-2026,False
L52400346AA,BEBA,BEBA Variety Pack 800g,800g,Germany,Vorsorglicher Rückruf: Mögliches Vorhandensein des Toxins Cereulid,Nestlé Deutschland / Lebensmittelwarnung.de,https://www.food.gov.uk/news-alerts/alert/fsa-prin-02-2026,False
L52410346AA,BEBA,BEBA Variety Pack 800g,800g,Germany,Vorsorglicher Rückruf: Mögliches Vorhandensein des Toxins Cereulid,Nestlé Deutschland / Lebensmittelwarnung.de,https://www.food.gov.uk/news-alerts/alert/fsa-prin-02-2026,False
L52420346AA,BEBA,BEBA Variety Pack 800g,800g,Germany,Vorsorglicher Rückruf: Mögliches Vorhandensein des Toxins Cereulid,Nestlé Deutschland / Lebensmittelwarnung.de,https://www.food.gov.uk/news-alerts/alert/fsa-prin-02-2026,False
L52430346AA,BEBA,BEBA Variety Pack 800g,800g,Germany,Vorsorglicher Rückruf: Mögliches Vorhandensein des Toxins Cereulid,Nestlé Deutschland / Lebensmittelwarnung.de,https://www.food.gov.uk/news-alerts/alert/fsa-prin-02-2026,False
L52440346AA,BEBA,BEBA Variety Pack 800g,800g,Germany,Vorsorglicher Rückruf: Mögliches Vorhandensein des Toxins Cereulid,Nestlé Deutschland / Lebensmittelwarnung.de,https://www.food.gov.uk/news-alerts/alert/fsa-prin-02-2026,False
L52450346AA,BEBA,BEBA Variety Pack 800g,800g,Germany,Vorsorglicher Rückruf: Mögliches Vorhandensein des Toxins Cereulid,Nestlé Deutschland / Lebensmittelwarnung.de,https://www.food.gov.uk/news-alerts/alert/fsa-prin-02-2026,False
L52460346AA,BEBA,BEBA Variety Pack 800g,800g,Germany,Vorsorglicher Rückruf: Mögliches Vorhandensein des Toxins Cereulid,Nestlé Deutschland / Lebensmittelwarnung.de,https://www.food.gov.uk/news-alerts/alert/fsa-prin-02-2026,False
L52470346AA,BEBA,BEBA Variety Pack 800g,800g,Germany,Vorsorglicher Rückruf: Mögliches Vorhandensein des Toxins Cereulid,Nestlé Deutschland / Lebensmittelwarnung.de,https://www.food.gov.uk/news-alerts/alert/fsa-prin-02-2026,False
L52480346AA,BEBA,BEBA Variety Pack 800g,800g,Germany,Vorsorglicher Rückruf: Mögliches Vorhandensein des Toxins Cereulid,Nestlé Deutschland / Lebensmittelwarnung.de,https://www.food.gov.uk/news-alerts/alert/fsa-prin-02-2026,False
L52490346AA,BEBA,BEBA Variety Pack 800g,800g,Germany,Vorsorglicher Rückruf: Mögliches Vorhandensein des Toxins Cereulid,Nestlé Deutschland / Lebensmittelwarnung.de,https://www.food.gov.uk/news-alerts/alert/fsa-prin-02-2026,False
L52590346BA,BEBA,BEBA Pre 2x600g,600g,Germany,Vorsorglicher Rückruf: Mögliches Vorhandensein des Toxins Cereulid,Nestlé Deutschland / Lebensmittelwarnung.de,https://www.food.gov.uk/news-alerts/alert/fsa-prin-02-2026,False
51570742F3,SMA,SMA Anti Reflux 800g,800g,United Kingdom,Precautionary recall: Possible presence of Cereulide toxin (Bacillus cereus),UK Food Standards Agency (FSA),https://www.food.gov.uk/news-alerts/alert/fsa-prin-02-2026,False
52099722BB,SMA,SMA Anti Reflux 800g,800g,United Kingdom,Precautionary recall: Possible presence of Cereulide toxin (Bacillus cereus),UK Food Standards Agency (FSA),https://www.food.gov.uk/news-alerts/alert/fsa-prin-02-2026,False
52739722BA,SMA,SMA Anti Reflux 800g,800g,United Kingdom,Precautionary recall: Possible presence of Cereulide toxin (Bacillus cereus),UK Food Standards Agency (FSA),https://www.food.gov.uk/news-alerts/alert/fsa-prin-02-2026,False
53140017Y2,SMA,SMA Alfamino 400g,400g,United Kingdom,Precautionary recall: Possible presence of Cereulide toxin (Bacillus cereus),UK Food Standards Agency (FSA),https://www.food.gov.uk/news-alerts/alert/fsa-prin-02-2026,False
51510346AC,NAN,NAN Comfort 1 400g,400g,Egypt,Precautionary recall: Cereulide toxin risk,Egypt National Food Safety Authority,https://english.ahram.org.eg/News/560085.aspx,False
51370346AA,NAN,NAN OptiPro 1 400g,400g,Egypt,Precautionary recall: Cereulide toxin risk,Egypt National Food Safety Authority,https://english.ahram.org.eg/News/560085.aspx,False
52650346AA,NAN,NAN OptiPro 1 400g,400g,Egypt,Precautionary recall: Cereulide toxin risk,Egypt National Food Safety Authority,https://english.ahram.org.eg/News/560085.aspx,False
51460346AB,NAN,NAN OptiPro 1 400g,400g,Egypt,Precautionary recall: Cereulide toxin risk,Egypt National Food Safety Authority,https://english.ahram.org.eg/News/560085.aspx,False
51460346AA,NAN,NAN OptiPro 1 400g,400g,Egypt,Precautionary recall: Cereulide toxin risk,Egypt National Food Safety Authority,https://english.ahram.org.eg/News/560085.aspx,False
53030017C1,NAN,NAN HA 3 SupremePro 800g,800g,Brunei,Precautionary recall: Cereulide toxin risk,Brunei Food Safety Authority,https://asianews.network/brunei-issues-advisory-on-recall-of-five-nestle-nan-infant-formula-products/,False
51420017C4,NAN,NAN HA 2 SupremePro 800g,800g,Brunei,Precautionary recall: Cereulide toxin risk,Brunei Food Safety Authority,https://asianews.network/brunei-issues-advisory-on-recall-of-five-nestle-nan-infant-formula-products/,False
51460017C2,NAN,NAN HA 1 SupremePro 800g,800g,Brunei,Precautionary recall: Cereulide toxin risk,Brunei Food Safety Authority,https://asianews.network/brunei-issues-advisory-on-recall-of-five-nestle-nan-infant-formula-products/,False
51470017C1,NAN,NAN HA 1 SupremePro 800g,800g,Brunei,Precautionary recall: Cereulide toxin risk,Brunei Food Safety Authority,https://asianews.network/brunei-issues-advisory-on-recall-of-five-nestle-nan-infant-formula-products/,False
53030017B1,NAN,NAN HA 3 SupremePro 32g,32g,Brunei,Precautionary recall: Cereulide toxin risk,Brunei Food Safety Authority,https://asianews.network/brunei-issues-advisory-on-recall-of-five-nestle-nan-infant-formula-products/,False
52340017C3,NAN,NAN HA 1 SupremePro 800g,800g,Singapore,Precautionary recall: Cereulide toxin risk,Singapore Food Agency (SFA),https://e.vnexpress.net/news/news/singapore-recalls-nestle-dumex-infant-formula-over-suspected-toxin-contamination-5007342.html,False
